model,l_accuracy,z_accuracy,p_accuracy,l_silhouette_score,z_silhouette_score,p_silhouette_score
reduced-800,0.3292307692307692,0.3984615384615385,0.36615384615384616,0.09062341,0.24101624,0.33361304
