model,l_accuracy,z_accuracy,p_accuracy,l_silhouette_score,z_silhouette_score,p_silhouette_score
reduced-100,0.4525964546402503,0.4874035453597497,0.48665276329509904,0.13953623,0.33172628,0.38963553
