model,l_accuracy,z_accuracy,p_accuracy,l_silhouette_score,z_silhouette_score,p_silhouette_score
baseline,0.49244444444444446,0.5408148148148149,0.5423703703703704,0.16095713,0.34400707,0.41516796
