model,l_accuracy,z_accuracy,p_accuracy,l_silhouette_score,z_silhouette_score,p_silhouette_score
reduced-700,0.3030769230769231,0.32769230769230767,0.30923076923076925,0.08819766,0.2480443,0.32709268
