model,l_accuracy,z_accuracy,p_accuracy,l_silhouette_score,z_silhouette_score,p_silhouette_score
reduced-200,0.4556830031282586,0.48465067778936394,0.4881543274244004,0.1431938,0.31924608,0.37759784
