model,l_accuracy,z_accuracy,p_accuracy,l_silhouette_score,z_silhouette_score,p_silhouette_score
reduced-300,0.4894074074074074,0.5265925925925926,0.5302222222222223,0.15566762,0.3288743,0.3944342
