model,l_accuracy,z_accuracy,p_accuracy,l_silhouette_score,z_silhouette_score,p_silhouette_score
baseline,0.4705735140771637,0.4995620437956204,0.5045672575599582,0.13840103,0.3395611,0.39795402
