model,l_accuracy,z_accuracy,p_accuracy,l_silhouette_score,z_silhouette_score,p_silhouette_score
reduced-900,0.4840740740740741,0.5277777777777778,0.5287407407407407,0.11027508,0.28599894,0.3716051
