model,l_accuracy,z_accuracy,p_accuracy,l_silhouette_score,z_silhouette_score,p_silhouette_score
reduced-500,0.30615384615384617,0.42153846153846153,0.36615384615384616,0.09959577,0.2725488,0.3303264
