model,l_accuracy,z_accuracy,p_accuracy,l_silhouette_score,z_silhouette_score,p_silhouette_score
reduced-700,0.5205925925925926,0.6191111111111111,0.6089629629629629,0.13383171,0.35170558,0.44463813
