model,l_accuracy,z_accuracy,p_accuracy,l_silhouette_score,z_silhouette_score,p_silhouette_score
reduced-400,0.2753846153846154,0.3630769230769231,0.3476923076923077,0.09272519,0.24578246,0.32528272
