model,l_accuracy,z_accuracy,p_accuracy,l_silhouette_score,z_silhouette_score,p_silhouette_score
reduced-600,0.46617309697601667,0.5615641293013556,0.4784358706986444,0.13218288,0.2775632,0.3091889
