model,l_accuracy,z_accuracy,p_accuracy,l_silhouette_score,z_silhouette_score,p_silhouette_score
mae-ct,0.24923076923076923,0.20153846153846153,0.18769230769230769,0.07891282,0.08772957,0.14991353
