model,l_accuracy,z_accuracy,p_accuracy,l_silhouette_score,z_silhouette_score,p_silhouette_score
reduced-900,0.38769230769230767,0.4553846153846154,0.40307692307692305,0.08751165,0.20352829,0.28169003
