model,l_accuracy,z_accuracy,p_accuracy,l_silhouette_score,z_silhouette_score,p_silhouette_score
reduced-200,0.5197777777777778,0.5431851851851852,0.5385185185185185,0.15830143,0.35716298,0.42945045
