model,l_accuracy,z_accuracy,p_accuracy,l_silhouette_score,z_silhouette_score,p_silhouette_score
reduced-200,0.27076923076923076,0.2953846153846154,0.26153846153846155,0.10293347,0.24558805,0.30272043
