model,l_accuracy,z_accuracy,p_accuracy,l_silhouette_score,z_silhouette_score,p_silhouette_score
reduced-100,0.5396296296296297,0.5391851851851852,0.5335555555555556,0.15476795,0.33590183,0.4086807
