model,l_accuracy,z_accuracy,p_accuracy,l_silhouette_score,z_silhouette_score,p_silhouette_score
reduced-900,0.46044444444444443,0.601037037037037,0.5956296296296296,0.11084483,0.31112275,0.39765394
