model,l_accuracy,z_accuracy,p_accuracy,l_silhouette_score,z_silhouette_score,p_silhouette_score
reduced-200,0.46644444444444444,0.5465185185185185,0.5418518518518518,0.14640188,0.3437219,0.41983312
