model,l_accuracy,z_accuracy,p_accuracy,l_silhouette_score,z_silhouette_score,p_silhouette_score
reduced-600,0.26615384615384613,0.37538461538461537,0.3507692307692308,0.092645496,0.23817247,0.32314384
