model,l_accuracy,z_accuracy,p_accuracy,l_silhouette_score,z_silhouette_score,p_silhouette_score
reduced-500,0.49496296296296294,0.5259259259259259,0.5271111111111111,0.14488931,0.33040372,0.4035505
