model,l_accuracy,z_accuracy,p_accuracy,l_silhouette_score,z_silhouette_score,p_silhouette_score
mae-ct,0.4254074074074074,0.3782962962962963,0.3722962962962963,0.09098952,0.1298527,0.24077699
