model,l_accuracy,z_accuracy,p_accuracy,l_silhouette_score,z_silhouette_score,p_silhouette_score
reduced-400,0.4637956204379562,0.5069238790406674,0.5062565172054223,0.13804603,0.3052476,0.36570102
