model,l_accuracy,z_accuracy,p_accuracy,l_silhouette_score,z_silhouette_score,p_silhouette_score
reduced-300,0.27692307692307694,0.30153846153846153,0.3076923076923077,0.0996113,0.2146648,0.3004386
