model,l_accuracy,z_accuracy,p_accuracy,l_silhouette_score,z_silhouette_score,p_silhouette_score
baseline,0.24307692307692308,0.24923076923076923,0.2553846153846154,0.10165938,0.23633747,0.3151824
