model,l_accuracy,z_accuracy,p_accuracy,l_silhouette_score,z_silhouette_score,p_silhouette_score
mae-ct,0.4654848800834202,0.5055891553701772,0.6141814389989573,0.08819319,0.16494389,0.35166854
