model,l_accuracy,z_accuracy,p_accuracy,l_silhouette_score,z_silhouette_score,p_silhouette_score
reduced-500,0.446548488008342,0.4894473409801877,0.4918248175182482,0.1274323,0.27806327,0.3551138
