model,l_accuracy,z_accuracy,p_accuracy,l_silhouette_score,z_silhouette_score,p_silhouette_score
reduced-800,0.47912408759124087,0.5098435870698644,0.5073826903023984,0.108500585,0.26122162,0.34200725
